Date,Price,Open,High,Low,Vol.,Change %
12/26/2024,73.31,73.39,73.41,73.28,69.61K,-0.37%
12/24/2024,73.58,72.96,73.81,72.79,93.49K,1.31%
12/23/2024,72.63,72.86,73.38,71.98,184.07K,-0.43%
12/20/2024,72.94,72.57,73.29,72,240.71K,0.08%
12/19/2024,72.88,72.91,73.86,72.53,302.55K,-0.69%
12/18/2024,73.39,73.26,74.2,72.8,285.30K,0.27%
12/17/2024,73.19,73.91,74.18,72.48,270.25K,-0.45%
12/16/2024,73.52,74.2,74.2,73.34,190.46K,-0.77%
12/13/2024,74.09,73,74.2,72.95,214.16K,1.38%
12/12/2024,73.08,73.18,73.57,72.08,263.49K,-0.08%
12/11/2024,73.14,71.85,73.34,71.85,241.41K,1.72%
12/10/2024,71.9,71.59,72.4,71.26,199.26K,0.08%
12/09/2024,71.84,70.75,72.32,70.65,171.19K,1.47%
12/06/2024,70.8,71.71,71.78,70.52,205.65K,-1.23%
12/05/2024,71.68,72.15,72.48,71.4,210.16K,-0.35%
12/04/2024,71.93,73.21,73.82,71.87,221.04K,-1.73%
12/03/2024,73.2,71.66,73.52,71.4,237.22K,2.32%
12/02/2024,71.54,71.55,72.56,71.24,179.25K,-0.42%
11/29/2024,71.84,72.46,73.34,71.75,314.72K,-1.29%
11/28/2024,72.78,72.3,72.96,71.85,165.49K,0.66%
11/27/2024,72.3,72.38,72.85,71.71,309.96K,-0.03%
11/26/2024,72.32,72.28,73.8,71.63,384.80K,-0.22%
11/25/2024,72.48,74.8,74.83,72.3,400.96K,-2.88%
11/22/2024,74.63,73.8,74.86,72.95,359.21K,1.17%
11/21/2024,73.77,72.76,73.99,72.58,299.22K,1.77%
11/20/2024,72.49,73.05,73.6,72.39,219.36K,-0.69%
11/19/2024,72.99,72.86,73.6,72.36,288.93K,-0.03%
11/18/2024,73.01,70.6,73.17,70.45,229.40K,3.15%
11/15/2024,70.78,71.99,72.2,70.58,206.25K,-2.02%
11/14/2024,72.24,71.79,72.88,71.48,195.65K,0.36%
11/13/2024,71.98,71.54,72.37,70.49,238.70K,0.46%
11/12/2024,71.65,71.81,72.57,71.36,220.05K,0.00%
11/11/2024,71.65,73.58,73.84,71.38,218.33K,-2.66%
11/08/2024,73.61,75.21,75.25,73.13,215.10K,-2.19%
11/07/2024,75.26,74.63,75.69,73.71,261.00K,0.93%
11/06/2024,74.57,74.85,75.58,72.98,260.13K,-0.76%
11/05/2024,75.14,74.58,75.79,74.47,167.72K,0.64%
11/04/2024,74.66,73.65,74.96,73.5,157.61K,2.65%
11/01/2024,72.73,73.71,74.5,72.51,177.63K,-0.11%
10/31/2024,72.81,72.51,74.28,71.82,391.91K,0.90%
10/30/2024,72.16,70.96,72.74,70.71,377.10K,2.02%
10/29/2024,70.73,71.56,72.11,70.28,381.25K,-0.38%
10/28/2024,71,72.36,72.92,70.82,471.15K,-6.12%
10/25/2024,75.63,74.3,75.73,73.81,276.76K,2.16%
10/24/2024,74.03,74.91,76.08,73.64,264.33K,-0.71%
10/23/2024,74.56,75.33,75.64,74.08,284.68K,-1.40%
10/22/2024,75.62,73.84,75.91,73.23,278.31K,2.30%
10/21/2024,73.92,72.78,74.21,72.43,204.62K,1.71%
10/18/2024,72.68,74.07,74.48,72.13,218.95K,-1.76%
10/17/2024,73.98,74.1,74.48,72.83,215.41K,0.26%
10/16/2024,73.79,74.31,74.52,73.05,226.56K,-0.12%
10/15/2024,73.88,74.94,75.25,73.05,316.07K,-4.16%
10/14/2024,77.09,78.05,78.05,74.55,244.07K,-1.92%
10/11/2024,78.6,78.56,78.97,77.55,228.65K,-0.33%
10/10/2024,78.86,76.27,79.14,76.27,226.41K,3.59%
10/09/2024,76.13,77.12,77.57,74.78,267.53K,-0.86%
10/08/2024,76.79,80.37,80.53,75.99,378.84K,-4.43%
10/07/2024,80.35,77.47,80.55,76.66,278.56K,3.77%
10/04/2024,77.43,77.25,78.58,76.88,311.93K,0.41%
10/03/2024,77.11,74.18,77.45,73.94,367.60K,4.85%
10/02/2024,73.54,74.05,75.67,73.24,270.49K,0.45%
10/01/2024,73.21,71.59,75.02,69.68,392.93K,2.11%
09/30/2024,71.7,71.88,72.79,71.03,455.39K,0.22%
09/27/2024,71.54,70.71,72,70.44,444.19K,0.63%
09/26/2024,71.09,72.89,73.28,70.25,703.39K,-2.48%
09/25/2024,72.9,74.44,74.67,72.5,574.80K,-2.11%
09/24/2024,74.47,73.43,75.12,73.26,367.56K,1.72%
09/23/2024,73.21,73.94,74.44,72.41,380.98K,-0.65%
09/20/2024,73.69,73.89,74.16,73.2,280.48K,-0.43%
09/19/2024,74.01,72.41,74.35,72.16,329.25K,1.55%
09/18/2024,72.88,73.02,73.33,71.65,318.36K,-0.18%
09/17/2024,73.01,72.31,73.55,71.62,291.02K,1.19%
09/16/2024,72.15,71.42,72.72,70.92,236.18K,1.55%
09/13/2024,71.05,71.74,72.57,70.9,255.58K,-0.53%
09/12/2024,71.43,70.15,72.25,70.14,364.75K,1.80%
09/11/2024,70.17,69.29,70.59,68.59,302.87K,1.95%
09/10/2024,68.83,71.44,71.79,68.29,350.50K,-3.55%
09/09/2024,71.36,71.02,71.81,70.27,264.87K,0.92%
09/06/2024,70.71,72.41,73.11,70.26,331.55K,-2.24%
09/05/2024,72.33,72.3,73.67,72.01,390.68K,0.07%
09/04/2024,72.28,73.24,74.24,71.94,437.45K,-1.39%
09/03/2024,73.3,76.35,76.78,73.07,486.37K,-4.47%
09/02/2024,76.73,76.23,76.84,75.55,147.81K,-0.26%
08/30/2024,76.93,78.66,79.52,76.7,469.57K,-2.40%
08/29/2024,78.82,77.47,79.57,77.01,502.31K,1.60%
08/28/2024,77.58,78.93,79.11,77.14,414.26K,-1.37%
08/27/2024,78.66,80.16,80.46,78.56,431.21K,-2.12%
08/26/2024,80.36,78.4,80.53,78.31,405.68K,2.83%
08/23/2024,78.15,76.56,78.37,76.38,274.66K,2.09%
08/22/2024,76.55,75.41,77.01,75.21,289.22K,1.39%
08/21/2024,75.5,76.52,77.53,75.1,276.72K,-1.41%
08/20/2024,76.58,77.12,77.74,76.1,308.17K,-0.67%
08/19/2024,77.1,78.79,79.02,76.9,289.44K,-2.24%
08/16/2024,78.87,79.99,80.12,77.88,218.33K,-1.62%
08/15/2024,80.17,79.19,80.56,78.86,190.11K,1.44%
08/14/2024,79.03,80.21,80.62,78.87,254.39K,-1.13%
08/13/2024,79.93,80.96,81.36,79.78,231.16K,-1.78%
08/12/2024,81.38,79,81.46,78.74,245.73K,3.12%
08/09/2024,78.92,78.36,79.06,78.1,138.80K,0.56%
08/08/2024,78.48,77.93,78.63,76.99,223.67K,1.04%
08/07/2024,77.67,75.73,78.19,75.52,301.45K,2.16%
08/06/2024,76.03,77.07,77.48,75.26,261.07K,0.09%
08/05/2024,75.96,77,77.15,74.62,355.58K,-0.41%
08/02/2024,76.27,79.37,79.84,75.89,288.83K,-3.39%
08/01/2024,78.95,80.87,81.09,78.87,214.95K,-2.34%
07/31/2024,80.84,78.56,81.59,78.46,513.54K,3.55%
07/30/2024,78.07,78.89,79.21,77.95,483.31K,-1.24%
07/29/2024,79.05,80.6,80.86,78.64,415.09K,-1.53%
07/26/2024,80.28,81.43,81.72,79.42,391.71K,-1.36%
07/25/2024,81.39,80.68,81.56,79.28,403.98K,0.71%
07/24/2024,80.82,80.53,81.29,80.09,331.71K,0.94%
07/23/2024,80.07,81.31,81.78,79.67,417.06K,-1.68%
07/22/2024,81.44,81.74,82.14,80.62,305.47K,-0.15%
07/19/2024,81.56,83.55,84.18,81.48,282.34K,-2.82%
07/18/2024,83.93,84.1,84.66,83.17,339.45K,-0.04%
07/17/2024,83.96,82.76,84.07,82.51,264.92K,1.40%
07/16/2024,82.8,83.82,83.9,82.39,225.15K,-1.31%
07/15/2024,83.9,84.07,84.44,83.5,156.37K,-0.24%
07/12/2024,84.1,84.65,85.2,84.03,274.92K,-0.38%
07/11/2024,84.42,84.55,85.01,83.78,291.93K,0.26%
07/10/2024,84.2,84.14,84.76,83.23,288.32K,0.37%
07/09/2024,83.89,84.93,85.09,83.76,212.48K,-1.29%
07/08/2024,84.99,85.89,85.99,84.8,184.17K,-0.84%
07/05/2024,85.71,86.55,87.05,85.67,166.12K,-0.99%
07/04/2024,86.57,86.27,86.72,85.72,99.70K,0.06%
07/03/2024,86.52,85.61,86.56,85.13,204.73K,1.26%
07/02/2024,85.44,85.8,86.5,85.37,279.89K,-0.33%
07/01/2024,85.72,84.11,85.98,84.06,268.46K,0.85%
06/28/2024,85,85.37,86.18,84.52,397.03K,-0.30%
06/27/2024,85.26,84.27,85.58,84.1,494.69K,0.94%
06/26/2024,84.47,84.1,85.03,83.72,446.48K,0.30%
06/25/2024,84.22,85.18,85.39,83.94,387.39K,-1.09%
06/24/2024,85.15,84.16,85.28,83.89,296.61K,0.97%
06/21/2024,84.33,84.78,85.3,83.95,347.88K,-0.62%
06/20/2024,84.86,84.4,85.14,84.19,296.40K,0.68%
06/19/2024,84.29,84.61,84.98,84.17,256.69K,-0.28%
06/18/2024,84.53,83.62,84.7,82.97,393.65K,1.21%
06/17/2024,83.52,82.07,83.79,81.54,331.53K,1.75%
06/14/2024,82.08,81.71,82.92,81.55,308.91K,-0.27%
06/13/2024,82.3,81.96,82.6,81.4,279.64K,0.18%
06/12/2024,82.15,81.75,82.9,81.57,260.33K,0.75%
06/11/2024,81.54,81.46,81.96,80.85,259.22K,0.38%
06/10/2024,81.23,79.18,81.73,79.08,238.25K,2.38%
06/07/2024,79.34,79.66,80.02,79.05,201.17K,-0.20%
06/06/2024,79.5,78.3,79.68,78.06,281.44K,1.87%
06/05/2024,78.04,77.08,78.28,76.94,257.85K,1.00%
06/04/2024,77.27,78.02,78.08,76.66,346.39K,-1.21%
06/03/2024,78.22,80.92,81.4,77.94,317.47K,-3.56%
05/31/2024,81.11,81.83,82.69,80.75,457.00K,-0.94%
05/30/2024,81.88,83.35,83.58,81.83,484.70K,-1.86%
05/29/2024,83.43,84.32,84.72,83.14,380.06K,-0.61%
05/28/2024,83.94,82.79,84.35,82.76,332.17K,1.28%
05/27/2024,82.88,81.94,82.96,81.84,92.28K,1.27%
05/24/2024,81.84,81.11,82.16,80.44,269.41K,0.90%
05/23/2024,81.11,81.39,82.7,80.7,347.12K,-0.65%
05/22/2024,81.64,82.44,82.49,81.39,339.47K,-1.28%
05/21/2024,82.7,83.51,83.53,81.93,370.47K,-0.91%
05/20/2024,83.46,83.79,84.17,82.89,276.00K,-0.20%
05/17/2024,83.63,83.04,83.69,82.74,243.75K,0.92%
05/16/2024,82.87,82.6,83.32,81.91,236.41K,0.66%
05/15/2024,82.33,82.26,82.63,80.72,265.83K,0.45%
05/14/2024,81.96,82.94,83.15,81.66,258.35K,-1.15%
05/13/2024,82.91,82.33,83.36,81.82,228.77K,0.67%
05/10/2024,82.36,83.65,83.97,82.26,219.86K,-1.18%
05/09/2024,83.34,83.2,83.69,82.9,205.48K,0.41%
05/08/2024,83,82.57,83.26,81.31,250.67K,0.34%
05/07/2024,82.72,83.17,83.4,82.02,252.50K,-0.14%
05/06/2024,82.84,82.49,83.27,82.26,129.70K,0.47%
05/03/2024,82.45,83.25,83.74,82.29,216.13K,-0.70%
05/02/2024,83.03,82.84,83.75,82.44,264.27K,0.29%
05/01/2024,82.79,85.1,85.2,82.66,307.37K,-4.10%
04/30/2024,86.33,87.1,87.8,85.45,418.50K,-1.00%
04/29/2024,87.2,87.96,88.22,86.95,365.24K,-1.14%
04/26/2024,88.21,87.99,88.64,87.62,311.64K,0.50%
04/25/2024,87.77,86.88,88.06,86.23,400.17K,0.84%
04/24/2024,87.04,87.42,87.8,86.66,307.90K,-0.40%
04/23/2024,87.39,86.26,87.48,85.15,382.32K,1.53%
04/22/2024,86.07,86.3,86.36,85.03,318.53K,-0.51%
04/19/2024,86.51,86.33,89.84,85.51,393.96K,0.13%
04/18/2024,86.4,86.76,87.07,85.55,380.21K,-0.23%
04/17/2024,86.6,89.31,89.36,86.48,328.23K,-2.95%
04/16/2024,89.23,89.57,89.95,88.65,242.77K,-0.02%
04/15/2024,89.25,89.76,90.06,87.92,262.79K,-0.31%
04/12/2024,89.53,89.22,91.18,89.11,274.79K,0.79%
04/11/2024,88.83,89.58,89.96,88.52,254.15K,-0.74%
04/10/2024,89.49,88.59,89.73,87.96,226.75K,1.08%
04/09/2024,88.53,89.62,89.91,88.35,213.54K,-0.95%
04/08/2024,89.38,89.75,90.1,87.86,213.10K,-0.83%
04/05/2024,90.13,90.1,90.84,89.61,226.80K,0.52%
04/04/2024,89.66,88.54,90.27,87.88,232.09K,1.40%
04/03/2024,88.42,88.15,88.97,87.74,224.22K,0.60%
04/02/2024,87.89,86.68,88.26,86.67,240.74K,1.62%
04/01/2024,86.49,86.12,87,85.58,146.98K,-0.59%
03/28/2024,87,85.69,87.07,85.5,414.24K,1.86%
03/27/2024,85.41,85.27,85.7,84.58,369.27K,-0.26%
03/26/2024,85.63,86.16,86.42,85.19,338.86K,-0.52%
03/25/2024,86.08,84.83,86.51,84.79,354.26K,1.47%
03/22/2024,84.83,85.12,85.58,84.58,282.65K,-0.48%
03/21/2024,85.24,85.72,85.99,84.54,360.75K,-0.16%
03/20/2024,85.38,86.42,86.61,84.98,422.28K,-1.43%
03/19/2024,86.62,86.19,86.92,85.8,365.71K,0.50%
03/18/2024,86.19,84.77,86.44,84.66,346.94K,1.70%
03/15/2024,84.75,84.47,84.92,84.01,271.50K,0.01%
03/14/2024,84.74,83.41,84.96,83.36,330.47K,1.56%
03/13/2024,83.44,81.87,83.61,81.53,342.11K,2.43%
03/12/2024,81.46,81.94,82.46,81.22,234.94K,-0.32%
03/11/2024,81.72,81.38,82.16,80.62,276.88K,0.26%
03/08/2024,81.51,82.35,83.1,81.11,244.54K,-0.94%
03/07/2024,82.28,82.14,82.8,81.41,298.39K,0.12%
03/06/2024,82.18,81.27,83.19,81.14,258.32K,1.05%
03/05/2024,81.33,81.96,82.39,81.09,338.14K,-0.91%
03/04/2024,82.08,82.59,83.11,81.81,301.53K,-0.74%
03/01/2024,82.69,81.35,83.38,81.08,304.02K,0.95%
02/29/2024,81.91,81.83,82.84,81.51,402.34K,-0.29%
02/28/2024,82.15,82.35,83.13,81.56,421.52K,-0.62%
02/27/2024,82.66,81.77,82.75,81.25,301.07K,1.21%
02/26/2024,81.67,80.64,82.14,80.19,335.46K,1.08%
02/23/2024,80.8,82.43,82.54,80.64,337.54K,-2.30%
02/22/2024,82.7,82.25,82.9,81.39,335.76K,0.72%
02/21/2024,82.11,81.69,82.22,80.87,305.96K,0.75%
02/20/2024,81.5,82.45,82.79,81.27,263.13K,-1.49%
02/19/2024,82.73,82.6,82.81,81.86,153.00K,-0.01%
02/16/2024,82.74,82.05,82.87,81.22,238.18K,0.71%
02/15/2024,82.16,80.81,82.56,80.17,260.67K,1.44%
02/14/2024,80.99,81.85,82.94,80.78,260.36K,-1.32%
02/13/2024,82.07,81.5,82.57,81.44,221.64K,0.69%
02/12/2024,81.51,81.34,81.68,80.31,163.93K,-0.12%
02/09/2024,81.61,81.11,81.81,80.63,251.10K,0.65%
02/08/2024,81.08,78.93,81.29,78.69,318.07K,2.78%
02/07/2024,78.89,78.39,79.14,78.17,187.68K,0.79%
02/06/2024,78.27,77.69,78.77,77.37,204.15K,0.69%
02/05/2024,77.73,77.6,78.06,76.41,170.07K,0.86%
02/02/2024,77.07,78.89,79.12,76.6,217.73K,-1.71%
02/01/2024,78.41,80.33,81.21,78.3,274.64K,-2.66%
01/31/2024,80.55,82.64,82.65,80.27,392.37K,-2.36%
01/30/2024,82.5,82.08,82.86,80.83,424.45K,0.82%
01/29/2024,81.83,83.53,84.17,81.46,410.49K,-1.35%
01/26/2024,82.95,81.91,83.19,80.79,448.94K,1.21%
01/25/2024,81.96,79.93,82.07,79.66,325.05K,2.93%
01/24/2024,79.63,79.25,80.33,78.6,267.24K,0.66%
01/23/2024,79.11,79.48,79.97,78.27,330.08K,-0.62%
01/22/2024,79.6,78.37,80.06,77.46,276.15K,1.95%
01/19/2024,78.08,78.65,79.26,77.87,225.78K,-0.72%
01/18/2024,78.65,77.68,78.84,76.92,254.14K,1.50%
01/17/2024,77.49,77.34,77.75,76.13,250.84K,-0.49%
01/16/2024,77.87,78.05,79.02,77.27,221.03K,0.08%
01/15/2024,77.81,77.81,78.51,76.59,127.69K,-0.21%
01/12/2024,77.97,78.5,80.3,77.68,290.15K,1.12%
01/11/2024,77.11,76.36,78.67,76.33,281.91K,0.86%
01/10/2024,76.45,77.23,78.33,76.07,240.29K,-1.05%
01/09/2024,77.26,76.12,77.86,75.72,225.28K,1.78%
01/08/2024,75.91,78.3,78.7,75.1,201.65K,-3.35%
01/05/2024,78.54,77.48,79.02,77.46,179.24K,1.46%
01/04/2024,77.41,78.4,79.22,76.36,223.86K,-0.93%
01/03/2024,78.14,75.99,78.5,74.82,222.53K,3.01%
01/02/2024,75.86,77.31,78.89,75.59,176.11K,-1.37%
12/29/2023,76.91,77.26,77.81,76.6,83.30K,-0.31%
12/28/2023,77.15,79.55,79.87,77.1,282.23K,-3.00%
12/27/2023,79.54,80.57,81.02,79.23,282.66K,-1.62%
12/26/2023,80.85,78.74,81.45,78.37,184.69K,2.60%
12/22/2023,78.8,79.13,80.1,78.64,227.18K,-0.45%
12/21/2023,79.16,79.04,79.99,77.8,298.92K,-0.63%
12/20/2023,79.66,79.3,80.6,79.1,324.26K,0.37%
12/19/2023,79.37,78.2,79.77,77.54,246.03K,1.61%
12/18/2023,78.11,77.06,79.65,76,291.88K,1.76%
12/15/2023,76.76,76.87,77.49,75.56,218.70K,-0.12%
12/14/2023,76.85,74.92,77.53,74.68,239.44K,3.14%
12/13/2023,74.51,73.53,74.92,72.67,244.25K,1.35%
12/12/2023,73.52,76.34,76.86,73.19,281.59K,-3.58%
12/11/2023,76.25,75.87,76.65,75.23,172.10K,0.33%
12/08/2023,76,74.75,76.5,74.37,178.32K,2.37%
12/07/2023,74.24,74.6,75.59,73.85,214.54K,-0.28%
12/06/2023,74.45,77.11,77.59,74.25,273.58K,-3.52%
12/05/2023,77.17,78.51,79.07,76.99,268.74K,-1.15%
12/04/2023,78.07,79.37,79.6,77.57,256.42K,-0.89%
12/01/2023,78.77,80.48,81.24,78.65,233.31K,-2.58%
11/30/2023,80.86,82.62,84.61,80.01,629.32K,-2.44%
11/29/2023,82.88,81.64,82.99,80.72,404.82K,1.73%
11/28/2023,81.47,80.17,81.97,79.7,335.29K,2.00%
11/27/2023,79.87,80.16,81.14,79.07,282.80K,-0.76%
11/24/2023,80.48,81.25,82.03,80.04,186.41K,-0.95%
11/23/2023,81.25,81.46,81.48,80.1,153.77K,-0.77%
11/22/2023,81.88,82.49,82.68,78.48,398.22K,-0.73%
11/21/2023,82.48,82.23,82.56,81.5,238.13K,0.17%
11/20/2023,82.34,80.17,82.85,79.5,236.88K,2.29%
11/17/2023,80.5,77.67,80.66,77.38,294.76K,3.86%
11/16/2023,77.51,80.81,81.1,76.71,357.63K,-4.37%
11/15/2023,81.05,82.13,82.75,80.71,242.33K,-1.41%
11/14/2023,82.21,82.34,83.62,81.75,175.96K,0.02%
11/13/2023,82.19,81.13,82.47,80.14,186.04K,1.31%
11/10/2023,81.13,79.67,81.76,79.63,186.43K,1.62%
11/09/2023,79.84,79.55,81.24,79.28,213.19K,0.54%
11/08/2023,79.41,81.1,81.66,79.11,310.42K,-2.34%
11/07/2023,81.31,84.77,84.81,81.12,263.79K,-4.10%
11/06/2023,84.79,84.7,85.92,84.36,168.27K,0.46%
11/03/2023,84.4,86.27,87.12,84.06,175.29K,-2.14%
11/02/2023,86.25,84.41,86.42,84.08,181.58K,2.62%
11/01/2023,84.05,84.78,86.52,83.99,195.74K,-1.14%
10/31/2023,85.02,86.66,87.39,84.77,413.76K,-1.54%
10/30/2023,86.35,88.94,88.94,85.81,406.56K,-3.20%
10/27/2023,89.2,87.48,89.43,86.82,375.68K,2.47%
10/26/2023,87.05,88.83,89.27,86.5,358.87K,-2.32%
10/25/2023,89.12,87.16,89.31,85.77,432.68K,2.25%
10/24/2023,87.16,89.37,89.49,86.38,340.64K,-1.73%
10/23/2023,88.69,90.98,91.15,88.56,249.65K,-2.42%
10/20/2023,90.89,91.77,92.32,90.43,246.22K,-0.13%
10/19/2023,91.01,90.01,92.05,88.45,277.36K,0.88%
10/18/2023,90.22,89.83,91.55,89.3,260.24K,1.87%
10/17/2023,88.56,88.5,89.56,87.52,187.84K,0.33%
10/16/2023,88.27,89.44,89.88,88.12,207.04K,-1.20%
10/13/2023,89.34,85.15,89.47,85.01,281.72K,5.34%
10/12/2023,84.81,84.51,86.33,84.15,250.54K,0.14%
10/11/2023,84.69,86.3,86.8,84.09,259.32K,-1.79%
10/10/2023,86.23,86.51,86.79,85.44,236.05K,-0.31%
10/09/2023,86.5,84.6,87.46,84.41,238.94K,4.05%
10/06/2023,83.13,83.07,83.52,82.2,259.07K,0.59%
10/05/2023,82.64,84.36,84.91,82.29,314.03K,-1.84%
10/04/2023,84.19,89.3,89.45,84.14,274.06K,-5.61%
10/03/2023,89.19,88.8,89.82,88.01,246.48K,0.15%
10/02/2023,89.06,90.48,91.48,88.75,230.78K,-3.41%
09/29/2023,92.2,93.07,94.13,91.96,433.93K,-0.97%
09/28/2023,93.1,94.38,95.35,92.75,571.85K,-1.34%
09/27/2023,94.36,92.43,94.8,92.43,648.23K,2.09%
09/26/2023,92.43,91.87,92.7,90.41,436.80K,0.60%
09/25/2023,91.88,92.39,92.73,91.2,375.34K,-0.09%
09/22/2023,91.96,92.29,93.37,91.59,440.51K,-0.33%
09/21/2023,92.26,91.92,93.44,91.12,375.62K,-0.10%
09/20/2023,92.35,93.27,93.51,91.7,401.83K,-0.85%
09/19/2023,93.14,93.44,94.57,92.97,497.36K,-0.16%
09/18/2023,93.29,93.39,93.91,92.69,379.09K,0.27%
09/15/2023,93.04,93.16,93.83,91.92,320.62K,0.11%
09/14/2023,92.94,91.34,93.41,91.32,297.59K,1.91%
09/13/2023,91.2,91.29,92.06,90.93,278.67K,-0.14%
09/12/2023,91.33,90.03,91.66,89.93,318.91K,1.43%
09/11/2023,90.04,90.03,90.84,89.52,273.99K,0.01%
09/08/2023,90.03,89.1,90.34,88.63,237.00K,0.87%
09/07/2023,89.25,90.02,90.17,88.79,178.99K,-0.68%
09/06/2023,89.86,89.44,90.35,88.63,259.31K,0.57%
09/05/2023,89.35,88.15,90.37,87.39,377.08K,1.25%
09/04/2023,88.25,88.09,88.44,87.55,101.42K,0.51%
09/01/2023,87.8,86.22,88.19,86.15,295.07K,1.12%
08/31/2023,86.83,85.22,86.88,85.08,434.97K,1.87%
08/30/2023,85.24,85.04,85.68,84.59,371.69K,0.39%
08/29/2023,84.91,83.82,85.07,83.28,346.59K,1.24%
08/28/2023,83.87,84.24,84.69,83.56,216.24K,-0.10%
08/25/2023,83.95,82.77,84.41,82.18,398.51K,1.24%
08/24/2023,82.92,82.59,83.23,81.61,292.61K,0.10%
08/23/2023,82.84,83.61,83.93,81.64,309.59K,-1.02%
08/22/2023,83.69,84.07,84.35,83.5,257.84K,-0.48%
08/21/2023,84.09,84.36,85.44,83.94,221.66K,-0.32%
08/18/2023,84.36,83.47,84.63,82.91,196.43K,0.82%
08/17/2023,83.67,82.75,84.43,82.61,215.71K,0.78%
08/16/2023,83.02,84.49,84.82,82.69,265.94K,-1.50%
08/15/2023,84.28,85.39,85.95,83.7,216.45K,-1.44%
08/14/2023,85.51,85.9,86.03,84.86,174.50K,-0.73%
08/11/2023,86.14,85.84,86.67,85.3,209.56K,0.35%
08/10/2023,85.84,86.74,87.37,85.62,235.52K,-1.24%
08/09/2023,86.92,85.49,87,85.41,269.07K,1.46%
08/08/2023,85.67,85.39,85.82,82.93,217.71K,0.86%
08/07/2023,84.94,85.79,86.24,84.63,146.84K,-0.98%
08/04/2023,85.78,84.84,86.16,84.6,135.81K,1.29%
08/03/2023,84.69,83.05,84.98,82,229.26K,2.27%
08/02/2023,82.81,85.34,85.5,82.37,219.79K,-1.97%
08/01/2023,84.47,84.78,85.4,83.82,165.40K,-1.12%
07/31/2023,85.43,84.42,85.58,83.91,324.26K,1.21%
07/28/2023,84.41,83.28,84.5,82.85,353.95K,0.74%
07/27/2023,83.79,82.78,84.09,82.59,354.64K,1.49%
07/26/2023,82.56,82.8,83.43,82.2,333.94K,-0.83%
07/25/2023,83.25,82.6,83.47,81.94,311.66K,0.93%
07/24/2023,82.48,80.69,82.9,80.25,330.57K,1.98%
07/21/2023,80.88,79.64,81.06,79.53,248.83K,1.71%
07/20/2023,79.52,79.22,80.16,78.58,238.05K,0.21%
07/19/2023,79.35,79.67,80.74,79.06,256.62K,-0.19%
07/18/2023,79.5,78.39,79.83,78.1,280.68K,1.43%
07/17/2023,78.38,79.2,80.36,78.12,225.40K,-1.53%
07/14/2023,79.6,81.27,81.31,79.26,193.77K,-1.72%
07/13/2023,80.99,79.85,81.37,79.6,294.73K,1.50%
07/12/2023,79.79,78.97,80.18,78.85,227.03K,0.91%
07/11/2023,79.07,77.49,79.17,77.37,196.14K,2.16%
07/10/2023,77.4,78.22,78.42,77.06,151.51K,-0.87%
07/07/2023,78.08,76.22,78.15,75.75,158.10K,2.44%
07/06/2023,76.22,76.46,76.77,74.78,182.82K,-0.25%
07/05/2023,76.41,75.83,76.7,75.13,152.98K,0.47%
07/04/2023,76.05,74.7,76.07,74.56,92.05K,2.12%
07/03/2023,74.47,75,76.43,74.4,161.12K,-1.25%
06/30/2023,75.41,74.33,75.84,74.28,377.26K,1.21%
06/29/2023,74.51,73.95,75.15,73.57,317.85K,0.36%
06/28/2023,74.24,72.69,74.42,71.86,450.84K,2.39%
06/27/2023,72.51,74.45,75.08,72.33,458.82K,-2.47%
06/26/2023,74.35,74.6,75,73.61,275.70K,0.46%
06/23/2023,74.01,74.22,74.55,72.3,298.36K,-0.46%
06/22/2023,74.35,77.07,77.21,73.81,393.62K,-3.62%
06/21/2023,77.14,75.55,77.25,75.49,199.76K,1.65%
06/20/2023,75.89,76.08,77.08,74.53,262.49K,-0.22%
06/19/2023,76.06,76.34,76.9,75.34,114.60K,-0.68%
06/16/2023,76.58,75.64,76.7,75.14,223.17K,1.22%
06/15/2023,75.66,73.36,75.94,72.88,220.09K,3.40%
06/14/2023,73.17,74,75.37,73.01,256.42K,-1.40%
06/13/2023,74.21,72.08,74.58,71.92,251.90K,3.33%
06/12/2023,71.82,74.8,74.8,71.57,269.49K,-3.91%
06/09/2023,74.74,75.43,76.46,74.67,188.79K,-1.45%
06/08/2023,75.84,76.66,77.54,73.53,311.19K,-1.30%
06/07/2023,76.84,76.03,77.47,75.34,255.69K,0.99%
06/06/2023,76.09,76.33,76.54,74.53,192.92K,-0.50%
06/05/2023,76.47,77.88,78.47,76.06,280.23K,0.66%
06/02/2023,75.97,74.2,76.33,74.11,180.62K,2.37%
06/01/2023,74.21,72.06,75.12,72,223.21K,2.22%
05/31/2023,72.6,73.84,73.95,71.5,442.11K,-1.51%
05/30/2023,73.71,77.04,77.59,73.32,461.39K,-4.40%
05/29/2023,77.1,77.42,77.83,76.16,97.65K,0.16%
05/26/2023,76.98,76.01,77.32,75.66,311.16K,1.05%
05/25/2023,76.18,78.21,78.39,75.05,275.25K,-2.62%
05/24/2023,78.23,77.59,78.5,76.94,311.89K,1.94%
05/23/2023,76.74,76.01,77.62,75.52,255.08K,1.15%
05/22/2023,75.87,75.66,76.33,74.43,198.79K,0.53%
05/19/2023,75.47,75.98,77.39,75.03,186.54K,-0.44%
05/18/2023,75.8,76.64,76.86,75.44,224.61K,-1.31%
05/17/2023,76.81,74.51,77.13,73.95,205.26K,2.80%
05/16/2023,74.72,75.33,75.74,74.31,143.68K,-0.40%
05/15/2023,75.02,73.9,75.53,73.25,161.69K,1.52%
05/12/2023,73.9,75.09,75.6,73.77,176.56K,-1.15%
05/11/2023,74.76,76.45,77.2,74.44,214.94K,-1.98%
05/10/2023,76.27,77.21,77.4,75.54,182.66K,-1.29%
05/09/2023,77.27,76.51,77.32,74.95,175.31K,0.60%
05/08/2023,76.81,75.09,77.17,74.72,102.67K,2.29%
05/05/2023,75.09,72.51,75.51,72.26,155.75K,3.83%
05/04/2023,72.32,71.31,73.52,71.2,220.42K,0.19%
05/03/2023,72.18,75.02,75.28,71.56,263.99K,-3.81%
05/02/2023,75.04,78.9,79.4,74.8,175.05K,-4.94%
05/01/2023,78.94,79.69,79.82,77.82,63.89K,-1.73%
04/28/2023,80.33,78.27,80.53,77.51,417.06K,2.70%
04/27/2023,78.22,77.88,78.55,77.36,437.40K,0.64%
04/26/2023,77.72,80.71,81.36,77.5,540.61K,-3.57%
04/25/2023,80.6,82.39,82.88,80.21,313.31K,-2.35%
04/24/2023,82.54,81.67,82.8,80.3,245.66K,1.33%
04/21/2023,81.46,80.54,81.81,80.21,214.45K,0.80%
04/20/2023,80.81,82.37,82.58,80.5,262.54K,-2.39%
04/19/2023,82.79,84.54,84.83,82.14,285.62K,-1.97%
04/18/2023,84.45,84.45,85.08,83.59,256.67K,0.00%
04/17/2023,84.45,85.9,86.07,84.05,195.50K,-1.65%
04/14/2023,85.87,85.75,86.44,85.15,194.16K,0.22%
04/13/2023,85.68,86.62,86.89,85.64,199.57K,-1.23%
04/12/2023,86.75,85.13,86.9,84.95,229.63K,1.86%
04/11/2023,85.17,83.87,85.23,83.37,160.50K,1.65%
04/10/2023,83.79,84.45,85.21,83.69,69.50K,-1.04%
04/06/2023,84.67,84.52,85.03,83.71,158.73K,0.06%
04/05/2023,84.62,84.81,85.15,83.67,139.08K,0.08%
04/04/2023,84.55,84.52,85.6,83.46,175.10K,0.00%
04/03/2023,84.55,85,86.04,83.15,271.01K,5.83%
03/31/2023,79.89,78.47,79.95,77.84,329.39K,1.64%
03/30/2023,78.6,77.48,78.85,77.18,306.98K,1.30%
03/29/2023,77.59,78.47,79,77.31,346.63K,-0.70%
03/28/2023,78.14,77.83,78.7,77.09,359.29K,0.49%
03/27/2023,77.76,74.62,78,74.39,335.76K,4.25%
03/24/2023,74.59,75.1,75.89,72.35,320.23K,-1.21%
03/23/2023,75.5,75.58,77.06,74.67,262.60K,-1.15%
03/22/2023,76.38,74.9,76.79,74.26,244.69K,1.80%
03/21/2023,75.03,73.44,75.12,72.62,297.90K,2.03%
03/20/2023,73.54,72.97,73.65,70.06,348.71K,1.06%
03/17/2023,72.77,74.3,75.59,71.38,477.37K,-2.05%
03/16/2023,74.29,73.85,75.12,71.49,306.20K,1.38%
03/15/2023,73.28,77.3,78.26,71.3,576.46K,-4.83%
03/14/2023,77,79.99,80.38,76.46,332.13K,-4.03%
03/13/2023,80.23,82,82.89,77.78,403.11K,-2.35%
03/10/2023,82.16,80.96,82.49,80.25,285.51K,1.32%
03/09/2023,81.09,82.09,83.47,80.9,212.24K,-1.34%
03/08/2023,82.19,82.5,83.12,81.61,260.64K,-0.74%
03/07/2023,82.8,85.68,86.17,82.35,227.41K,-3.29%
03/06/2023,85.62,85.26,85.78,83.8,188.83K,0.42%
03/03/2023,85.26,83.92,85.43,81.83,222.73K,1.39%
03/02/2023,84.09,83.65,84.41,83.22,170.33K,0.48%
03/01/2023,83.69,82.41,83.85,82.04,166.72K,0.29%
02/28/2023,83.45,82,83.99,81.84,241.39K,1.72%
02/27/2023,82.04,82.85,83.25,81.4,235.52K,-0.94%
02/24/2023,82.82,82.33,83.09,80.75,289.76K,1.06%
02/23/2023,81.95,80.31,82.46,80.25,293.33K,1.86%
02/22/2023,80.45,82.5,82.96,80.3,297.26K,-2.80%
02/21/2023,82.77,83.58,83.85,82.25,229.72K,-1.21%
02/20/2023,83.78,82.78,84,82.46,122.42K,1.34%
02/17/2023,82.67,84.26,84.53,81.53,207.16K,-2.51%
02/16/2023,84.8,84.92,85.83,84.25,148.56K,-0.29%
02/15/2023,85.05,84.92,85.51,83.59,180.40K,-0.29%
02/14/2023,85.3,85.57,86.03,83.82,181.53K,-1.08%
02/13/2023,86.23,86.16,86.55,84.77,151.59K,0.28%
02/10/2023,85.99,83.82,86.41,83.5,229.13K,2.30%
02/09/2023,84.06,84.61,85.05,82.74,204.93K,-0.76%
02/08/2023,84.7,83.77,84.76,83.17,170.73K,1.60%
02/07/2023,83.37,80.96,83.79,80.87,193.16K,3.30%
02/06/2023,80.71,79.6,81.14,78.84,214.62K,1.25%
02/03/2023,79.71,82.13,83.98,79.39,205.59K,-2.83%
02/02/2023,82.03,83.14,83.36,81.14,196.75K,-0.67%
02/01/2023,82.58,85.28,85.88,82.22,215.99K,-3.37%
01/31/2023,85.46,84.62,85.79,83.16,327.10K,1.14%
01/30/2023,84.5,86.81,87.28,84.26,313.16K,-2.20%
01/27/2023,86.4,87.49,88.63,85.52,321.66K,-1.01%
01/26/2023,87.28,86.45,87.99,85.77,253.06K,1.26%
01/25/2023,86.19,86.42,87.07,85.5,210.97K,-0.07%
01/24/2023,86.25,88,88.61,85.9,233.70K,-2.17%
01/23/2023,88.16,87.8,89,87.01,201.60K,0.55%
01/20/2023,87.68,86.58,87.83,85.75,186.84K,1.59%
01/19/2023,86.31,84.59,87,84.06,212.65K,1.24%
01/18/2023,85.25,86.59,88.07,84.65,230.48K,-0.98%
01/17/2023,86.09,84.34,86.97,84.22,190.85K,1.69%
01/16/2023,84.66,85.71,85.88,84.09,103.74K,-1.04%
01/13/2023,85.55,84.03,85.77,83.64,166.66K,1.62%
01/12/2023,84.19,83.09,84.74,82.52,211.34K,1.61%
01/11/2023,82.86,79.69,83.17,79.49,203.76K,3.21%
01/10/2023,80.28,79.82,81.05,79.07,180.96K,0.49%
01/09/2023,79.89,78.63,81.53,78.6,169.88K,1.45%
01/06/2023,78.75,78.91,80.7,78.27,149.04K,-0.09%
01/05/2023,78.82,78.35,80.07,77.77,164.11K,1.04%
01/04/2023,78.01,82.31,82.7,77.92,190.82K,-5.00%
01/03/2023,82.12,85.69,86.66,81.86,189.88K,-4.12%
12/30/2022,85.65,83.55,85.75,82.8,73.57K,2.62%
12/29/2022,83.46,83.63,83.84,81.85,197.79K,-0.63%
12/28/2022,83.99,84.92,85.15,82.51,211.21K,-0.81%
12/27/2022,84.68,85,86.1,84.19,160.09K,0.21%
12/23/2022,84.5,82.32,84.7,81.83,180.40K,3.47%
12/22/2022,81.67,82.93,84.21,81.35,211.18K,-1.10%
12/21/2022,82.58,80.53,82.92,80.06,178.09K,2.55%
12/20/2022,80.53,80.6,81.19,79,184.12K,0.49%
12/19/2022,80.14,79.49,81.19,79.02,164.92K,0.82%
12/16/2022,79.49,81.44,81.87,78.76,236.09K,-2.25%
12/15/2022,81.32,82.84,83.18,80.92,162.08K,-1.73%
12/14/2022,82.75,80.53,83.22,80.31,178.26K,2.34%
12/13/2022,80.86,78.53,81.34,78.41,201.46K,3.22%
12/12/2022,78.34,77.34,78.89,75.67,158.37K,2.27%
12/09/2022,76.6,77.15,77.81,75.64,157.00K,0.01%
12/08/2022,76.59,77.9,79.49,76.19,209.68K,-1.29%
12/07/2022,77.59,80.07,80.79,77.32,207.04K,-2.61%
12/06/2022,79.67,83.19,83.69,79.05,225.87K,-3.62%
12/05/2022,82.66,85.7,88.2,82.53,193.04K,-3.38%
12/02/2022,85.55,86.69,87.68,85.17,141.36K,-1.45%
12/01/2022,86.81,86.89,89.18,86.4,160.53K,-0.18%
11/30/2022,86.97,84.9,87.39,84.45,247.66K,3.23%
11/29/2022,84.25,83.21,86.72,83.19,349.28K,0.43%
11/28/2022,83.89,84,84.67,80.81,341.92K,0.22%
11/25/2022,83.71,85.45,86.88,83.66,175.71K,-1.79%
11/24/2022,85.24,84.85,85.34,84,142.86K,0.12%
11/23/2022,85.14,87.81,88.76,83.91,305.22K,-2.92%
11/22/2022,87.7,87.37,89.15,86.97,243.70K,0.70%
11/21/2022,87.09,87.33,87.57,82.3,364.77K,-0.07%
11/18/2022,87.15,89.2,89.76,85.33,372.77K,-1.88%
11/17/2022,88.82,91.54,91.63,88.45,251.55K,-3.09%
11/16/2022,91.65,92.82,93.55,90.6,192.72K,-1.19%
11/15/2022,92.75,91.32,94.56,90.48,271.79K,1.01%
11/14/2022,91.82,94.29,95.38,91.21,196.01K,-2.74%
11/11/2022,94.41,92.29,95.25,92.15,168.06K,2.52%
11/10/2022,92.09,91.09,92.75,90.28,200.36K,0.96%
11/09/2022,91.21,93.77,94.27,90.9,200.14K,-2.95%
11/08/2022,93.98,96.69,96.75,93.61,163.99K,-2.47%
11/07/2022,96.36,95.8,97.85,94.86,156.41K,-0.56%
11/04/2022,96.9,92.88,97.11,92.68,176.99K,4.12%
11/03/2022,93.07,93.59,94.19,92.52,154.77K,-1.43%
11/02/2022,94.42,92.98,94.74,92.21,155.69K,1.76%
11/01/2022,92.79,90.87,93.69,90.56,151.21K,-0.02%
10/31/2022,92.81,94.43,94.48,91.46,304.53K,-1.02%
10/28/2022,93.77,94.61,94.9,93.02,281.47K,-1.34%
10/27/2022,95.04,94.15,95.3,93.18,247.96K,1.33%
10/26/2022,93.79,91.12,94.3,90.39,262.01K,2.23%
10/25/2022,91.74,91.4,92.48,89.75,222.20K,0.58%
10/24/2022,91.21,91.23,92.3,89.01,178.75K,-0.14%
10/21/2022,91.34,90.48,91.72,89.17,181.51K,0.98%
10/20/2022,90.45,90.47,92.66,90.01,211.69K,-0.12%
10/19/2022,90.56,89.31,90.95,87.9,260.25K,2.21%
10/18/2022,88.6,90.53,91.22,87.52,247.36K,-1.75%
10/17/2022,90.18,90.2,91.79,89.49,163.34K,0.03%
10/14/2022,90.15,92.81,93.45,89.81,153.89K,-2.98%
10/13/2022,92.92,90.86,93.2,89.53,200.99K,2.31%
10/12/2022,90.82,91.96,93.29,89.92,187.54K,-1.81%
10/11/2022,92.49,94.05,94.65,91.34,166.31K,-1.98%
10/10/2022,94.36,96.69,96.75,93.8,134.94K,-1.60%
10/07/2022,95.89,93.08,96.6,92.23,158.79K,3.47%
10/06/2022,92.67,91.93,93.22,90.94,128.50K,1.16%
10/05/2022,91.61,89.87,92.08,89.03,179.85K,1.99%
10/04/2022,89.82,86.88,90.35,86.86,180.18K,3.31%
10/03/2022,86.94,84.21,87.99,84.21,161.21K,2.11%
09/30/2022,85.14,87.55,88.64,85,275.06K,-2.34%
09/29/2022,87.18,87.62,88.74,86.15,284.22K,-0.99%
09/28/2022,88.05,84.83,88.22,82.94,301.38K,3.75%
09/27/2022,84.87,82.84,85.84,82.81,252.52K,2.43%
09/26/2022,82.86,85.54,86.45,82.44,257.04K,-2.55%
09/23/2022,85.03,89.57,89.88,84.55,304.20K,-5.03%
09/22/2022,89.53,88.83,91.74,88.28,219.29K,0.82%
09/21/2022,88.8,89.57,92.23,88.31,247.64K,-0.67%
09/20/2022,89.4,90.85,91.57,88.56,209.16K,-1.39%
09/19/2022,90.66,90,91.17,87.2,130.78K,0.68%
09/16/2022,90.05,89.32,91.28,89.02,196.73K,0.49%
09/15/2022,89.61,93.68,93.68,89.07,250.17K,-3.77%
09/14/2022,93.12,92.47,94.66,91.07,256.99K,0.98%
09/13/2022,92.22,93.19,94.36,90.16,270.06K,-0.76%
09/12/2022,92.93,91.36,93.94,90.15,188.71K,1.33%
09/09/2022,91.71,87.74,91.98,87.64,181.21K,3.92%
09/08/2022,88.25,86.98,88.93,86.4,189.39K,1.19%
09/07/2022,87.21,91.92,92.81,86.57,313.35K,-5.18%
09/06/2022,91.97,93.92,94.6,91.38,181.08K,-2.57%
09/05/2022,94.4,91.77,95.54,91.77,124.94K,2.82%
09/02/2022,91.81,91.49,94.04,91.49,186.92K,0.54%
09/01/2022,91.32,93.88,94.24,90.72,264.97K,-4.52%
08/31/2022,95.64,98.33,99,94.4,290.43K,-2.25%
08/30/2022,97.84,102.88,103.48,96.63,356.10K,-4.95%
08/29/2022,102.93,98.96,103.22,98.25,211.63K,3.96%
08/26/2022,99.01,98.95,100.1,96.96,277.48K,0.56%
08/25/2022,98.46,100.79,101.53,98.23,223.98K,-1.87%
08/24/2022,100.34,99.3,100.89,98.27,233.92K,1.18%
08/23/2022,99.17,96,99.41,95.81,198.99K,3.51%
08/22/2022,95.81,95.36,96.66,92,186.81K,-0.29%
08/19/2022,96.09,95.93,97.11,93.6,165.36K,0.34%
08/18/2022,95.76,92.68,96.53,92.49,191.44K,2.95%
08/17/2022,93.02,91.97,93.83,90.95,162.26K,1.40%
08/16/2022,91.74,93.13,95.16,91.1,148.99K,-2.69%
08/15/2022,94.28,96.67,96.87,91.85,147.59K,-2.70%
08/12/2022,96.9,98.05,98.99,95.79,130.61K,-1.42%
08/11/2022,98.3,95.93,98.89,95.65,166.60K,2.15%
08/10/2022,96.23,94.89,96.68,92.47,176.60K,1.45%
08/09/2022,94.85,94.83,96.84,93.38,137.64K,-0.28%
08/08/2022,95.12,92.61,95.26,91.49,122.89K,2.08%
08/05/2022,93.18,91.95,94.63,91.1,142.09K,0.74%
08/04/2022,92.5,95.54,96.15,91.62,159.66K,-2.84%
08/03/2022,95.2,97.85,100.63,94.91,163.20K,-3.49%
08/02/2022,98.64,97.79,100.4,96.52,147.33K,0.70%
08/01/2022,97.95,101.34,101.61,96.72,163.55K,-5.79%
07/29/2022,103.97,102.69,106.5,101.64,278.88K,2.10%
07/28/2022,101.83,102.35,104.2,100.97,306.96K,0.16%
07/27/2022,101.67,99.83,102.88,98.85,254.56K,2.22%
07/26/2022,99.46,99.75,102.39,99.05,244.05K,-0.73%
07/25/2022,100.19,98.99,100.41,96.7,228.26K,1.84%
07/22/2022,98.38,99.24,101.02,97.5,201.57K,-1.11%
07/21/2022,99.48,101.88,102.25,97.29,236.12K,-2.82%
07/20/2022,102.37,102.62,102.99,100.77,182.00K,-0.50%
07/19/2022,102.88,101.26,103.17,99.33,187.46K,1.00%
07/18/2022,101.86,96.86,102.09,95.49,158.42K,4.85%
07/15/2022,97.15,96.1,98.58,94.37,175.45K,1.93%
07/14/2022,95.31,96.06,97.07,91.22,247.65K,-1.02%
07/13/2022,96.29,95,97.79,95,172.55K,0.18%
07/12/2022,96.12,102.81,103.09,95.56,175.54K,-7.26%
07/11/2022,103.65,103.24,104.07,100.2,122.15K,0.18%
07/08/2022,103.46,101.13,103.89,100.15,163.89K,2.46%
07/07/2022,100.98,96.55,102.49,95,171.81K,4.01%
07/06/2022,97.09,100.81,101.69,94.86,230.55K,-1.92%
07/05/2022,98.99,109.51,110.72,97.44,254.35K,-9.57%
07/04/2022,109.46,108.05,109.97,106.64,74.20K,1.54%
07/01/2022,107.8,106.03,108.59,104.54,150.19K,-1.13%
06/30/2022,109.03,112.45,113.25,108.19,313.72K,-3.04%
06/29/2022,112.45,113.93,116.24,111.74,283.48K,-1.19%
06/28/2022,113.8,111.57,114.1,111.48,267.39K,2.54%
06/27/2022,110.98,109,111.89,107.15,239.02K,1.72%
06/24/2022,109.1,106.4,110.14,105.67,241.47K,2.48%
06/23/2022,106.46,106.33,109.28,105.03,237.78K,-2.02%
06/22/2022,108.65,111.56,111.57,104.35,295.59K,-2.79%
06/21/2022,111.77,111.27,113.37,111.18,200.08K,0.37%
06/20/2022,111.36,111.1,111.7,109.02,153.74K,0.88%
06/17/2022,110.39,116.14,118.12,109.09,234.55K,-5.65%
06/16/2022,117,116.5,117.43,112.91,250.25K,1.33%
06/15/2022,115.47,117.39,118.46,114.71,197.54K,-1.96%
06/14/2022,117.78,118.72,121.66,115.71,237.70K,-1.08%
06/13/2022,119.07,118.25,120.42,115.91,190.11K,0.04%
06/10/2022,119.02,120.13,121.21,116.91,212.08K,-1.06%
06/09/2022,120.3,121,121.68,119.8,146.21K,-0.49%
06/08/2022,120.89,118.11,121.74,118.01,194.43K,2.33%
06/07/2022,118.14,117.41,118.91,116.27,194.03K,1.00%
06/06/2022,116.97,118.72,119.15,116.26,135.90K,-0.05%
06/03/2022,117.03,115.53,118.68,113.54,86.70K,1.74%
06/02/2022,115.03,112.12,115.79,110.05,150.55K,1.29%
06/01/2022,113.56,113.14,115.44,112.41,172.76K,-1.76%
05/31/2022,115.6,118.2,120.8,115.15,360.17K,-1.70%
05/30/2022,117.6,115.47,117.94,115.32,145.09K,1.77%
05/27/2022,115.56,114.37,115.8,113.12,255.25K,1.22%
05/26/2022,114.17,111.44,114.77,110.88,232.57K,2.74%
05/25/2022,111.12,111.35,112.38,110.18,210.94K,0.39%
05/24/2022,110.69,110.42,111.91,109.08,220.64K,-0.08%
05/23/2022,110.78,110.29,111.59,109.3,191.99K,0.72%
05/20/2022,109.99,109.25,110.73,108.28,173.49K,0.15%
05/19/2022,109.82,106.09,110.05,103.84,205.14K,2.70%
05/18/2022,106.93,110.81,111.89,106.2,194.48K,-2.66%
05/17/2022,109.85,112.12,113.43,109.12,233.43K,-2.02%
05/16/2022,112.11,109.75,112.65,107.23,151.95K,2.15%
05/13/2022,109.75,106.74,109.86,106.32,148.75K,3.55%
05/12/2022,105.99,106.29,107.2,103.43,185.71K,-0.10%
05/11/2022,106.1,100.33,106.87,100.14,190.19K,4.80%
05/10/2022,101.24,104.17,105.46,100.37,226.22K,-3.21%
05/09/2022,104.6,111.3,111.65,103.66,201.19K,-5.63%
05/06/2022,110.84,109.52,111.78,108.16,175.51K,1.48%
05/05/2022,109.22,108.99,112.3,107.61,179.66K,0.46%
05/04/2022,108.72,104.91,109.51,104.19,149.32K,4.81%
05/03/2022,103.73,106.04,106.75,103.39,118.92K,-2.11%
05/02/2022,105.97,104.53,106.85,101.69,77.01K,-1.09%
04/29/2022,107.14,107.07,110,106.08,291.04K,-0.11%
04/28/2022,107.26,104.77,107.71,102.9,309.71K,2.20%
04/27/2022,104.95,105.06,105.98,103,230.07K,0.33%
04/26/2022,104.61,102.3,105.81,100.91,268.03K,2.40%
04/25/2022,102.16,105.01,105.37,99.25,286.89K,-3.76%
04/22/2022,106.15,107.86,108.4,105.04,188.27K,-1.68%
04/21/2022,107.96,106.64,109.37,106.35,200.08K,1.53%
04/20/2022,106.33,107.6,108.43,104.33,227.80K,-0.28%
04/19/2022,106.63,111.73,112.87,106.15,205.72K,-4.74%
04/18/2022,111.94,111.07,113.61,109.63,102.65K,1.03%
04/14/2022,110.8,107.53,111.41,105.9,173.00K,2.52%
04/13/2022,108.08,104.97,108.31,103.55,214.75K,3.70%
04/12/2022,104.22,99.17,104.95,98.76,210.02K,6.05%
04/11/2022,98.27,102.23,102.67,97.18,171.83K,-3.82%
04/08/2022,102.17,100.81,102.64,98.99,140.58K,2.12%
04/07/2022,100.05,100.91,102.66,97.91,196.60K,-0.20%
04/06/2022,100.25,104.28,107.09,99.77,201.37K,-4.71%
04/05/2022,105.2,106.97,108.18,103.16,131.59K,-0.75%
04/04/2022,106,102.43,107,101.4,148.71K,3.09%
04/01/2022,102.82,103.31,104.11,100.54,151.05K,-1.80%
03/31/2022,104.71,110.99,111.16,104.06,348.69K,-6.04%
03/30/2022,111.44,109.6,112.28,107.93,269.46K,3.46%
03/29/2022,107.71,107.21,111.8,102.19,354.62K,-1.63%
03/28/2022,109.49,115.79,116.03,106.06,304.61K,-6.71%
03/25/2022,117.37,115.22,117.62,111.88,278.29K,1.80%
03/24/2022,115.3,117.7,119.74,113.41,286.55K,-2.08%
03/23/2022,117.75,110.93,118.2,110.78,288.41K,5.29%
03/22/2022,111.83,113.89,115.5,109.31,260.72K,-0.08%
03/21/2022,111.92,105,113.05,104.29,231.23K,6.52%
03/18/2022,105.07,103.76,106.46,102.94,181.43K,1.46%
03/17/2022,103.56,96.17,104.41,95.39,211.43K,8.28%
03/16/2022,95.64,96.91,101.18,94.61,219.97K,-1.99%
03/15/2022,97.58,102.07,102.44,94.75,311.21K,-5.63%
03/14/2022,103.4,109.36,109.38,100.66,255.38K,-5.22%
03/11/2022,109.1,106.35,109.93,103.03,236.81K,3.48%
03/10/2022,105.43,108.47,113.59,105.06,340.94K,-1.49%
03/09/2022,107.03,125.4,126.8,100.89,468.57K,-13.32%
03/08/2022,123.48,120.25,128.04,117.03,392.92K,3.88%
03/07/2022,118.87,118.9,134.91,114.42,334.95K,3.96%
03/04/2022,114.34,108.61,114.91,106.04,323.34K,7.32%
03/03/2022,106.54,110.15,114.46,104.83,382.12K,-1.62%
03/02/2022,108.29,102.92,110.11,102.56,369.59K,7.08%
03/01/2022,101.13,95.48,103.5,95.45,399.74K,3.23%
02/28/2022,97.97,96.34,101.28,96.34,411.25K,4.09%
02/25/2022,94.12,97.15,98.36,92.75,424.12K,-1.36%
02/24/2022,95.42,95.37,102.26,94.12,633.53K,1.46%
02/23/2022,94.05,93.7,95.73,92.81,319.47K,0.21%
02/22/2022,93.85,94.01,96.49,92.93,386.58K,0.92%
02/21/2022,92.99,92.03,94.93,90.41,190.48K,1.75%
02/18/2022,91.39,90.54,91.98,88.25,314.64K,0.64%
02/17/2022,90.81,90.16,92.18,89.93,279.88K,-1.82%
02/16/2022,92.49,91.25,93.5,89.11,309.61K,1.53%
02/15/2022,91.1,93.71,94.04,90.09,236.77K,-3.51%
02/14/2022,94.41,93.25,94.71,91.67,230.26K,1.93%
02/11/2022,92.62,89.91,93.73,89.11,325.65K,2.88%
02/10/2022,90.03,90.4,91.63,89.51,213.55K,-0.17%
02/09/2022,90.18,89.66,90.71,88.66,176.41K,0.90%
02/08/2022,89.38,91.17,91.45,88.59,230.03K,-2.03%
02/07/2022,91.23,91.07,92.47,90.67,191.28K,-0.46%
02/04/2022,91.65,89.86,92.05,89.77,158.20K,2.19%
02/03/2022,89.69,87.7,89.87,86.74,179.35K,1.78%
02/02/2022,88.12,88.1,89.1,87,162.21K,0.40%
02/01/2022,87.77,88.22,88.49,86.31,139.10K,-1.67%
01/31/2022,89.26,89.2,89.8,88.09,293.79K,0.84%
01/28/2022,88.52,88.81,90.27,88.15,420.43K,0.40%
01/27/2022,88.17,88.5,89.74,87.79,363.41K,-0.64%
01/26/2022,88.74,86.98,89.27,86.71,346.96K,1.79%
01/25/2022,87.18,85.99,87.36,85.28,277.87K,2.05%
01/24/2022,85.43,87.07,88.09,84.22,270.25K,-1.89%
01/21/2022,87.08,85.99,87.41,84.95,225.83K,-0.60%
01/20/2022,87.61,86.92,88.69,86.27,208.54K,0.02%
01/19/2022,87.59,87.92,88.29,86.78,254.61K,0.93%
01/18/2022,86.78,85.77,87.87,85.72,249.48K,1.18%
01/17/2022,85.77,85.67,85.98,84.88,88.46K,0.49%
01/14/2022,85.35,83.4,85.77,83.32,184.58K,1.89%
01/13/2022,83.77,84.17,84.37,83.11,179.31K,-0.25%
01/12/2022,83.98,83.12,84.47,82.85,189.54K,1.08%
01/11/2022,83.08,80.51,83.32,80.35,190.09K,3.46%
01/10/2022,80.3,81.07,81.59,79.95,189.38K,-0.94%
01/07/2022,81.06,81.28,82.24,80.72,158.26K,-0.28%
01/06/2022,81.29,79.55,82.04,78.98,212.02K,1.37%
01/05/2022,80.19,79.6,80.86,79,203.42K,0.80%
01/04/2022,79.55,78.51,80.13,78.2,170.61K,1.25%
01/03/2022,78.57,77.75,78.85,76.6,91.79K,1.58%
12/31/2021,77.35,78.41,79.21,77.12,53.58K,-2.74%
12/30/2021,79.53,79.06,80.02,78.41,211.59K,0.40%
12/29/2021,79.21,78.93,80.03,78.1,255.37K,0.69%
12/28/2021,78.67,78.32,79.48,78.06,157.43K,0.58%
12/27/2021,78.22,76.07,78.68,75.38,143.56K,3.21%
12/24/2021,75.79,76.62,76.62,75.39,40.25K,-1.11%
12/23/2021,76.64,75.43,76.8,74.75,213.23K,1.81%
12/22/2021,75.28,74,75.63,73.55,206.57K,1.78%
12/21/2021,73.96,71.97,74.25,71.3,200.01K,3.34%
12/20/2021,71.57,72.74,72.86,69.31,271.51K,-2.65%
12/17/2021,73.52,74.41,74.86,72.67,172.05K,-1.87%
12/16/2021,74.92,74.36,75.47,73.89,171.96K,1.55%
12/15/2021,73.78,73.18,74.46,72.45,154.84K,0.20%
12/14/2021,73.63,74.34,75.01,72.56,207.67K,-0.88%
12/13/2021,74.28,75.15,76.17,74.02,173.77K,-0.84%
12/10/2021,74.91,73.73,75.49,73.6,138.60K,0.92%
12/09/2021,74.23,75.67,76.43,73.64,184.21K,-1.80%
12/08/2021,75.59,75.09,76.06,74.1,204.79K,0.65%
12/07/2021,75.1,73.23,75.83,72.81,186.06K,3.32%
12/06/2021,72.69,70.13,73.38,69.95,138.84K,4.57%
12/03/2021,69.51,69.88,72.15,68.87,167.11K,0.27%
12/02/2021,69.32,69.24,70.32,65.48,270.13K,1.09%
12/01/2021,68.57,69.37,72.39,67.84,228.57K,-0.95%
11/30/2021,69.23,73.99,74.35,67.45,591.24K,-5.45%
11/29/2021,73.22,72.65,75.94,72.15,494.41K,2.28%
11/26/2021,71.59,80.37,80.42,70.99,575.46K,-11.53%
11/25/2021,80.92,81.06,81.4,80.52,137.09K,-0.16%
11/24/2021,81.05,80.92,81.88,80.64,265.67K,-0.34%
11/23/2021,81.33,78.83,81.61,77.85,370.93K,2.91%
11/22/2021,79.03,77.84,79.33,76.82,262.15K,1.16%
11/19/2021,78.12,80.12,81.38,77.31,373.17K,-2.79%
11/18/2021,80.36,79.14,80.52,78.37,225.07K,1.29%
11/17/2021,79.34,81.07,81.23,78.91,303.54K,-2.55%
11/16/2021,81.42,80.99,82.12,80.57,228.64K,0.46%
11/15/2021,81.05,80.89,81.44,79.72,171.95K,-0.10%
11/12/2021,81.13,81.78,81.82,80.23,167.53K,-0.88%
11/11/2021,81.85,81.77,82.34,80.61,206.14K,0.37%
11/10/2021,81.55,83.76,84.26,81.02,192.91K,-2.41%
11/09/2021,83.56,82.38,84.06,82.08,191.11K,1.47%
11/08/2021,82.35,81.45,82.97,81.45,164.47K,0.82%
11/05/2021,81.68,80.19,82.04,79.21,214.09K,2.73%
11/04/2021,79.51,80.46,83.27,79.19,211.03K,-1.62%
11/03/2021,80.82,82.77,82.89,79.95,185.06K,-3.14%
11/02/2021,83.44,83.16,83.89,82.5,156.81K,0.08%
11/01/2021,83.37,82.44,83.78,81.82,176.27K,-0.42%
10/29/2021,83.72,83.67,84.26,82.57,358.92K,0.07%
10/28/2021,83.66,83.51,83.98,81.61,386.02K,-0.25%
10/27/2021,83.87,85.31,85.56,83.35,400.75K,-2.08%
10/26/2021,85.65,85.21,85.74,84.56,302.34K,0.56%
10/25/2021,85.17,84.76,85.77,84.51,320.23K,0.63%
10/22/2021,84.64,83.95,85.02,83.15,313.65K,0.85%
10/21/2021,83.93,85.21,85.43,82.66,273.68K,-1.43%
10/20/2021,85.15,84.41,85.22,82.94,246.69K,0.94%
10/19/2021,84.36,83.55,84.69,83.05,214.04K,0.84%
10/18/2021,83.66,84.29,85.31,83.31,210.35K,-0.58%
10/15/2021,84.15,83.61,84.38,83.49,160.37K,0.97%
10/14/2021,83.34,82.82,83.83,82.56,165.15K,0.94%
10/13/2021,82.56,82.41,83.04,81.57,179.57K,-0.21%
10/12/2021,82.73,82.78,83.48,81.99,187.73K,-0.23%
10/11/2021,82.92,81.91,83.82,81.83,181.13K,1.51%
10/08/2021,81.69,81.68,82.69,81.28,177.02K,0.52%
10/07/2021,81.27,80.32,81.8,78.42,183.46K,1.09%
10/06/2021,80.39,81.9,82.69,79.91,174.26K,-1.76%
10/05/2021,81.83,80.46,82.32,80.41,180.24K,1.68%
10/04/2021,80.48,78.69,81.18,78,153.19K,2.48%
10/01/2021,78.53,77.67,78.65,76.78,137.05K,0.28%
09/30/2021,78.31,77.82,79.3,76.51,481.19K,0.28%
09/29/2021,78.09,77.51,78.73,76.77,371.40K,-0.33%
09/28/2021,78.35,78.61,79.95,77.35,413.14K,-0.47%
09/27/2021,78.72,77.61,79.05,77.35,366.63K,1.93%
09/24/2021,77.23,76.46,77.4,76.07,259.24K,1.01%
09/23/2021,76.46,75.05,76.53,74.81,293.52K,1.42%
09/22/2021,75.39,73.75,75.47,73.69,291.68K,2.47%
09/21/2021,73.57,73.55,74.36,72.51,252.68K,0.68%
09/20/2021,73.07,74.63,74.63,72.67,289.22K,-2.00%
09/17/2021,74.56,74.93,75.08,73.92,224.43K,-0.56%
09/16/2021,74.98,74.7,75.18,73.84,195.42K,0.27%
09/15/2021,74.78,73.27,75.42,73.13,275.07K,2.48%
09/14/2021,72.97,73.01,73.61,72.49,231.29K,0.10%
09/13/2021,72.9,71.68,73.28,71.68,196.92K,0.89%
09/10/2021,72.26,70.65,72.42,70.29,182.05K,2.08%
09/09/2021,70.79,71.8,72.4,70.2,314.25K,-1.43%
09/08/2021,71.82,71,72.23,70.91,278.99K,1.07%
09/07/2021,71.06,71.56,72.18,70.48,174.53K,-0.78%
09/06/2021,71.62,71.95,72.17,70.92,92.74K,-0.50%
09/03/2021,71.98,72.17,73.01,71.77,168.83K,-0.59%
09/02/2021,72.41,70.72,72.84,70.34,205.17K,1.94%
09/01/2021,71.03,70.98,71.75,69.85,205.87K,-0.84%
08/31/2021,71.63,72.16,72.36,71.37,269.78K,-0.83%
08/30/2021,72.23,71.98,72.69,71.02,255.27K,0.74%
08/27/2021,71.7,70.61,71.75,70.23,266.25K,2.17%
08/26/2021,70.18,70.99,71.13,69.77,299.95K,-1.54%
08/25/2021,71.28,70.28,71.43,69.8,281.57K,1.24%
08/24/2021,70.41,68.25,70.59,68.13,277.84K,2.98%
08/23/2021,68.37,64.53,68.47,64.2,198.84K,5.59%
08/20/2021,64.75,66.08,66.48,64.51,175.22K,-1.92%
08/19/2021,66.02,67.12,67.21,65.13,207.68K,-2.58%
08/18/2021,67.77,68.51,69.55,66.79,184.62K,-1.22%
08/17/2021,68.61,69.41,69.59,68.41,130.07K,-0.77%
08/16/2021,69.14,69.67,70.02,67.8,133.65K,-1.51%
08/13/2021,70.2,70.68,70.97,69.61,106.13K,-1.00%
08/12/2021,70.91,71.17,71.46,70.24,121.38K,-0.21%
08/11/2021,71.06,70.42,71.34,68.72,171.83K,1.20%
08/10/2021,70.22,68.97,70.79,68.5,126.93K,2.35%
08/09/2021,68.61,69.85,69.85,67.27,163.62K,-2.43%
08/06/2021,70.32,70.68,71.93,69.88,183.36K,-0.68%
08/05/2021,70.8,69.81,70.96,69.27,125.09K,1.33%
08/04/2021,69.87,71.76,72.15,69.61,176.00K,-2.65%
08/03/2021,71.77,72.38,72.82,70.4,145.80K,-0.60%
08/02/2021,72.2,74.45,74.52,71.61,125.91K,-4.26%
07/30/2021,75.41,74.81,75.65,74.39,277.43K,0.41%
07/29/2021,75.1,73.89,75.15,73.7,247.94K,1.67%
07/28/2021,73.87,73.8,74.34,73.52,251.80K,0.48%
07/27/2021,73.52,73.88,74.19,73.08,251.73K,-0.24%
07/26/2021,73.7,73.46,73.98,72.08,214.52K,0.35%
07/23/2021,73.44,72.93,73.55,72.69,173.72K,0.40%
07/22/2021,73.15,71.59,73.28,71.11,225.66K,2.12%
07/21/2021,71.63,68.36,71.75,68.02,244.72K,4.16%
07/20/2021,68.77,68.46,69.13,66.91,222.07K,1.06%
07/19/2021,68.05,72.1,72.7,67.18,305.42K,-6.74%
07/16/2021,72.97,72.49,73.39,71.72,171.14K,0.27%
07/15/2021,72.77,73.75,73.83,72.46,188.48K,-1.64%
07/14/2021,73.98,75.5,75.92,73.05,220.60K,-2.29%
07/13/2021,75.71,74.5,75.81,74.17,178.63K,1.73%
07/12/2021,74.42,74.9,75,73.46,164.75K,-0.43%
07/09/2021,74.74,73.51,74.94,72.97,151.48K,1.98%
07/08/2021,73.29,72.49,73.56,71.25,173.25K,1.02%
07/07/2021,72.55,73.79,75.01,71.72,183.98K,-1.40%
07/06/2021,73.58,76.07,76.8,73.18,198.89K,-3.40%
07/05/2021,76.17,75.34,76.26,74.82,87.75K,1.16%
07/02/2021,75.3,74.76,75.53,74.35,131.75K,0.45%
07/01/2021,74.96,73.83,75.78,73.7,205.29K,0.46%
06/30/2021,74.62,74.6,75.35,73.93,296.47K,0.46%
06/29/2021,74.28,74.08,74.99,73.36,288.72K,0.19%
06/28/2021,74.14,75.41,75.77,73.93,343.28K,-1.64%
06/25/2021,75.38,74.83,75.41,74.17,246.62K,0.76%
06/24/2021,74.81,74.59,75.04,73.82,238.00K,0.42%
06/23/2021,74.5,74.03,75.26,73.99,261.71K,0.57%
06/22/2021,74.08,74,74.43,73.52,303.99K,0.04%
06/21/2021,74.05,72.55,74.11,72.17,231.84K,1.81%
06/18/2021,72.73,72.11,72.95,71.42,183.13K,0.61%
06/17/2021,72.29,72.99,73.67,71.24,254.21K,-1.77%
06/16/2021,73.59,73.53,74.14,73.06,243.97K,0.40%
06/15/2021,73.3,72.39,73.6,72.19,187.06K,1.40%
06/14/2021,72.29,72.1,72.96,72.03,156.31K,0.25%
06/11/2021,72.11,71.83,72.45,71.35,214.49K,0.18%
06/10/2021,71.98,71.51,72.38,70.46,254.13K,0.32%
06/09/2021,71.75,71.74,72.41,71.36,195.45K,-0.08%
06/08/2021,71.81,71.02,71.98,70.32,195.19K,0.98%
06/07/2021,71.11,71.29,71.86,70.69,164.34K,-0.53%
06/04/2021,71.49,70.83,71.71,70.33,141.61K,0.85%
06/03/2021,70.89,70.85,71.59,70.24,147.92K,-0.08%
06/02/2021,70.95,70.16,71.07,69.96,146.55K,1.57%
06/01/2021,69.85,69.07,70.92,68.98,152.53K,1.31%
05/31/2021,68.95,68.7,69.41,68.37,34.87K,0.33%
05/28/2021,68.72,69.47,69.74,68.57,294.07K,-0.69%
05/27/2021,69.2,68.66,69.26,67.96,270.53K,0.68%
05/26/2021,68.73,68.39,68.95,67.88,274.64K,0.35%
05/25/2021,68.49,68.48,68.78,67.75,233.26K,0.18%
05/24/2021,68.37,66.66,68.55,66.39,272.05K,3.04%
05/21/2021,66.35,65.09,66.84,64.5,267.86K,1.97%
05/20/2021,65.07,66.46,67.02,64.76,339.17K,-2.19%
05/19/2021,66.53,68.23,68.25,65.21,285.04K,-2.90%
05/18/2021,68.52,69.23,69.9,67.08,299.60K,-0.90%
05/17/2021,69.14,68.41,69.3,67.88,149.02K,1.11%
05/14/2021,68.38,66.85,68.54,66.33,189.88K,2.24%
05/13/2021,66.88,68.72,68.86,66.31,169.46K,-3.27%
05/12/2021,69.14,68.58,69.67,68.02,172.32K,1.13%
05/11/2021,68.37,68.09,68.58,66.95,197.64K,0.41%
05/10/2021,68.09,68.68,68.91,67.17,161.13K,0.13%
05/07/2021,68,67.93,68.29,67.05,172.64K,0.41%
05/06/2021,67.72,68.05,68.96,67.57,141.94K,-1.21%
05/05/2021,68.55,68.99,69.5,67.95,147.30K,0.15%
05/04/2021,68.45,67.31,69.04,66.95,108.45K,1.95%
05/03/2021,67.14,66.24,67.36,65.64,57.65K,0.57%
04/30/2021,66.76,67.9,67.97,66.25,308.37K,-1.90%
04/29/2021,68.05,66.67,68.44,66.64,320.97K,1.90%
04/28/2021,66.78,66.05,67.37,65.54,375.93K,1.38%
04/27/2021,65.87,65.3,66.22,65.08,299.46K,1.29%
04/26/2021,65.03,65.37,65.57,63.93,298.40K,-0.60%
04/23/2021,65.42,65.06,65.63,64.49,187.15K,1.03%
04/22/2021,64.75,64.48,65.21,63.98,218.99K,0.11%
04/21/2021,64.68,65.58,65.86,64.31,201.81K,-1.88%
04/20/2021,65.92,66.6,67.41,64.91,252.28K,-0.81%
04/19/2021,66.46,66.29,66.72,65.71,138.77K,0.26%
04/16/2021,66.29,66.35,66.9,65.96,131.22K,-0.24%
04/15/2021,66.45,65.88,66.54,65.52,167.22K,0.45%
04/14/2021,66.15,63.62,66.45,63.49,185.92K,4.54%
04/13/2021,63.28,62.82,63.74,62.78,136.70K,0.67%
04/12/2021,62.86,62.62,63.85,62,147.59K,0.53%
04/09/2021,62.53,62.78,62.95,62.1,141.71K,-0.29%
04/08/2021,62.71,62.76,62.95,61.97,160.48K,-0.16%
04/07/2021,62.81,62.29,63.2,61.3,164.29K,0.61%
04/06/2021,62.43,62,63.93,61.77,166.06K,0.97%
04/05/2021,61.83,64.38,64.41,60.93,96.44K,-4.08%
04/01/2021,64.46,62.68,64.72,62.05,236.57K,2.74%
03/31/2021,62.74,63.95,64.83,62.53,323.10K,-2.23%
03/30/2021,64.17,65.39,65.39,63.5,308.66K,-1.16%
03/29/2021,64.92,64.43,65.34,63.01,302.11K,0.76%
03/26/2021,64.43,61.7,64.75,61.7,293.78K,4.26%
03/25/2021,61.8,63.75,64.03,60.85,355.89K,-3.81%
03/24/2021,64.25,60.55,64.39,60.54,393.75K,5.57%
03/23/2021,60.86,64.29,64.29,60.33,524.00K,-5.67%
03/22/2021,64.52,64.38,64.97,63.3,252.66K,0.26%
03/19/2021,64.35,62.79,64.75,61.98,481.80K,2.09%
03/18/2021,63.03,67.49,67.76,61.25,509.49K,-6.72%
03/17/2021,67.57,67.95,68.37,66.58,350.59K,-0.44%
03/16/2021,67.87,68.3,68.39,66.88,218.27K,-0.67%
03/15/2021,68.33,68.68,69.5,67.34,200.58K,-0.51%
03/12/2021,68.68,68.85,69.23,68.42,220.99K,-0.46%
03/11/2021,69,67.9,69.21,67.46,237.47K,2.40%
03/10/2021,67.38,66.87,67.9,66.03,281.98K,0.49%
03/09/2021,67.05,67.6,68.76,66.66,246.64K,-0.96%
03/08/2021,67.7,69.37,70.67,67.26,265.40K,-1.43%
03/05/2021,68.68,66.59,68.99,66.09,278.74K,3.75%
03/04/2021,66.2,63.54,67.15,62.87,373.18K,4.14%
03/03/2021,63.57,61.86,64.19,61.86,248.75K,2.24%
03/02/2021,62.18,62.5,63.5,61.84,240.73K,-1.33%
03/01/2021,63.02,64,65.2,62.5,171.12K,-2.17%
02/26/2021,64.42,66.05,66.05,64.25,352.03K,-2.56%
02/25/2021,66.11,66.45,66.82,65.63,329.61K,-0.11%
02/24/2021,66.18,64.19,66.47,63.93,340.71K,2.64%
02/23/2021,64.48,64.72,65.83,63.59,354.83K,0.19%
02/22/2021,64.36,62.1,64.97,61.8,289.34K,3.57%
02/19/2021,62.14,62.61,63.11,61.39,310.43K,-1.60%
02/18/2021,63.15,64.22,64.68,62.45,392.80K,-0.71%
02/17/2021,63.6,62.56,64.12,62.14,293.46K,1.34%
02/16/2021,62.76,62.85,63.08,62.14,174.57K,0.06%
02/15/2021,62.72,62.35,63.16,62.29,155.59K,1.36%
02/12/2021,61.88,60.36,62.27,59.92,221.99K,1.93%
02/11/2021,60.71,60.65,61.1,60.32,146.19K,-0.59%
02/10/2021,61.07,60.79,61.27,60.46,182.93K,0.59%
02/09/2021,60.71,60.53,60.97,59.76,213.11K,0.73%
02/08/2021,60.27,59.29,60.41,59.24,146.97K,2.01%
02/05/2021,59.08,58.89,59.52,58.79,117.59K,0.87%
02/04/2021,58.57,58.29,58.82,57.8,125.94K,0.69%
02/03/2021,58.17,57.54,58.62,57.23,139.37K,1.70%
02/02/2021,57.2,56.09,57.73,56.07,182.63K,1.96%
02/01/2021,56.1,54.7,56.26,54.4,124.37K,1.93%
01/29/2021,55.04,55.04,56.02,54.9,320.23K,-0.11%
01/28/2021,55.1,55.18,56.22,54.91,344.70K,-0.77%
01/27/2021,55.53,55.84,56.19,54.94,316.91K,-0.20%
01/26/2021,55.64,55.74,56.09,55.18,212.07K,-0.07%
01/25/2021,55.68,55.11,55.82,54.89,202.55K,0.78%
01/22/2021,55.25,55.83,55.89,54.4,254.16K,-1.30%
01/21/2021,55.98,55.72,56.14,55.4,232.26K,0.02%
01/20/2021,55.97,55.94,56.5,55.55,260.51K,0.23%
01/19/2021,55.84,55,56.02,54.88,181.61K,1.99%
01/18/2021,54.75,54.78,55.21,54.5,98.80K,-0.69%
01/15/2021,55.13,56.41,56.47,54.67,210.70K,-2.23%
01/14/2021,56.39,55.88,56.54,55.25,238.93K,0.62%
01/13/2021,56.04,56.75,57.31,55.71,220.85K,-0.80%
01/12/2021,56.49,55.57,56.68,55.45,167.88K,1.62%
01/11/2021,55.59,56.1,56.25,54.86,170.15K,-0.43%
01/08/2021,55.83,54.48,56.15,54.29,212.02K,2.82%
01/07/2021,54.3,54,54.73,53.88,166.08K,0.22%
01/06/2021,54.18,53.49,54.56,52.9,249.21K,1.20%
01/05/2021,53.54,50.92,53.81,50.8,236.15K,4.65%
01/04/2021,51.16,51.53,53.33,50.66,147.27K,-1.27%
12/31/2020,51.82,51.53,51.86,50.95,51.47K,0.37%
12/30/2020,51.63,51.39,51.92,50.94,236.91K,0.78%
12/29/2020,51.23,51.03,51.69,50.96,196.13K,0.65%
12/28/2020,50.9,51.32,52.05,50.59,141.52K,-0.86%
12/24/2020,51.34,51.12,51.78,50.69,109.62K,0.20%
12/23/2020,51.24,49.79,51.62,49.29,204.58K,2.15%
12/22/2020,50.16,50.69,50.92,49.62,201.82K,-1.61%
12/21/2020,50.98,52.34,52.34,49.29,236.31K,-2.45%
12/18/2020,52.26,51.56,52.46,51.2,211.35K,1.36%
12/17/2020,51.56,51.11,51.86,51.1,199.99K,0.98%
12/16/2020,51.06,50.58,51.18,50.33,165.12K,0.69%
12/15/2020,50.71,50.26,50.83,49.79,125.81K,0.92%
12/14/2020,50.25,49.96,50.72,49.08,151.42K,0.70%
12/11/2020,49.9,50.37,50.59,49.65,148.50K,-0.44%
12/10/2020,50.12,48.98,50.89,48.78,179.79K,2.77%
12/09/2020,48.77,48.75,49.48,48.33,162.31K,-0.08%
12/08/2020,48.81,48.61,49,48.12,135.79K,0.02%
12/07/2020,48.8,49.1,49.42,48.39,137.42K,-0.79%
12/04/2020,49.19,48.81,49.78,48.73,155.33K,1.21%
12/03/2020,48.6,47.94,48.84,47.6,173.27K,0.85%
12/02/2020,48.19,46.98,48.69,46.81,131.21K,1.67%
12/01/2020,47.4,47.95,48.35,46.93,120.98K,-1.00%
